id,audio_url,title,artist,album,duration,release_year,cover
lGE8hZtNDqA,https://www.youtube.com/watch?v=lGE8hZtNDqA,Are you happy?,SHY Martin,Sad Songs,158,2020.0,https://i.ytimg.com/vi_webp/lGE8hZtNDqA/maxresdefault.webp
XPu9ZE4Onzc,https://www.youtube.com/watch?v=XPu9ZE4Onzc,Kya Mujhe Pyar Hai,"K.K., Pritam, Neelesh Misra",Woh Lamhe,267,2006.0,https://i.ytimg.com/vi_webp/XPu9ZE4Onzc/maxresdefault.webp
FDyWuL6lq6w,https://www.youtube.com/watch?v=FDyWuL6lq6w,Right Now (Na Na Na),Akon,Freedom,241,2008.0,https://i.ytimg.com/vi_webp/FDyWuL6lq6w/maxresdefault.webp
X0B0u85zi4Q,https://www.youtube.com/watch?v=X0B0u85zi4Q,Deep End,William Black,Deep End,208,2021.0,https://i.ytimg.com/vi_webp/X0B0u85zi4Q/maxresdefault.webp
Cnd-uM9QDS4,https://www.youtube.com/watch?v=Cnd-uM9QDS4,Closer 2,"EDEN, Jonathon Ng",ICYMI,198,2022.0,https://i.ytimg.com/vi_webp/Cnd-uM9QDS4/maxresdefault.webp
JZwU974Qdf4,https://www.youtube.com/watch?v=JZwU974Qdf4,Charlie Brown,Coldplay,Mylo Xyloto,285,2011.0,https://i.ytimg.com/vi_webp/JZwU974Qdf4/maxresdefault.webp
QAXbz29pFvQ,https://www.youtube.com/watch?v=QAXbz29pFvQ,I Found You,Kayden,Forever,196,2018.0,https://i.ytimg.com/vi_webp/QAXbz29pFvQ/maxresdefault.webp
iQS1mt1IZWA,https://www.youtube.com/watch?v=iQS1mt1IZWA,Filhaal,Mitraz,Zehen,217,2022.0,https://i.ytimg.com/vi_webp/iQS1mt1IZWA/maxresdefault.webp
BK4mwzG4ZHE,https://www.youtube.com/watch?v=BK4mwzG4ZHE,Dil Na Jaaneya,"Rochak Kohli, Lauv, Akasa","Dil Na Jaaneya (From ""Good Newwz"")",231,2019.0,https://i.ytimg.com/vi_webp/BK4mwzG4ZHE/maxresdefault.webp
8Glu4dyswcc,https://www.youtube.com/watch?v=8Glu4dyswcc,i'm so tired...,"Lauv, Troye Sivan, Oscar Görres, Ari Leff, Troye Sivan Mellet, Brett McLaughlin, Michael Pollack",~how i'm feeling~,163,2019.0,https://i.ytimg.com/vi_webp/8Glu4dyswcc/maxresdefault.webp
bkmeQfvSmYg,https://www.youtube.com/watch?v=bkmeQfvSmYg,Aise Kyun (Ghazal Version),"Rekha Bhardwaj, Anurag Saikia, Raj Shekhar, Mismatched - Cast",Mismatched: Season 2 (Soundtrack from the Netflix Series),329,2022.0,https://i.ytimg.com/vi_webp/bkmeQfvSmYg/maxresdefault.webp
r9eGi0rVxBw,https://www.youtube.com/watch?v=r9eGi0rVxBw,KABHI KABHI ADITI,"RASHID ALI, A.R. RAHMAN, ABBAS TYREWALA",JAANE TU... YA JAANE NA,218,2008.0,https://i.ytimg.com/vi_webp/r9eGi0rVxBw/maxresdefault.webp
6u3yD2Difi0,https://www.youtube.com/watch?v=6u3yD2Difi0,Theher Ja,"Abhishek Arora, Armaan Malik",October,162,2019.0,https://i.ytimg.com/vi_webp/6u3yD2Difi0/maxresdefault.webp
lpjvtv4Crhg,https://www.youtube.com/watch?v=lpjvtv4Crhg,Safe (Shallou Remix),Daya,Safe,206,2018.0,https://i.ytimg.com/vi_webp/lpjvtv4Crhg/maxresdefault.webp
Vhm4mTh_UvU,https://www.youtube.com/watch?v=Vhm4mTh_UvU,MITRAZ - Sajda Karaan (Official Video),MITRAZ,,220,,https://i.ytimg.com/vi_webp/Vhm4mTh_UvU/maxresdefault.webp
c82YfTlCQFo,https://www.youtube.com/watch?v=c82YfTlCQFo,Losing Focus,shallou,Losing Focus,214,2023.0,https://i.ytimg.com/vi_webp/c82YfTlCQFo/maxresdefault.webp
c4aXiCeZDY8,https://www.youtube.com/watch?v=c4aXiCeZDY8,Tere Jeya Hor Disda,The Yellow Diary,Izafa,190,2018.0,https://i.ytimg.com/vi_webp/c4aXiCeZDY8/maxresdefault.webp
4hSoRNSEbkQ,https://www.youtube.com/watch?v=4hSoRNSEbkQ,Khoya Khoya,Anumita Nadesan,Khoya Khoya,211,2023.0,https://i.ytimg.com/vi_webp/4hSoRNSEbkQ/maxresdefault.webp
210K0MahwCI,https://www.youtube.com/watch?v=210K0MahwCI,Chalo Chalein,"Ritviz, Seedhe Maut",Dev,184,2021.0,https://i.ytimg.com/vi_webp/210K0MahwCI/maxresdefault.webp
H6uLAwHTgDo,https://www.youtube.com/watch?v=H6uLAwHTgDo,Can I call you back?,SHY Martin,Sad Songs,153,2020.0,https://i.ytimg.com/vi_webp/H6uLAwHTgDo/maxresdefault.webp
OWE7Pe6lEis,https://www.youtube.com/watch?v=OWE7Pe6lEis,Pray to God,"Calvin Harris, HAIM",Motion,232,2014.0,https://i.ytimg.com/vi_webp/OWE7Pe6lEis/maxresdefault.webp
wsHbHR3Os6U,https://www.youtube.com/watch?v=wsHbHR3Os6U,Oops!... I Did It Again,Britney Spears,Oops!... I Did It Again,211,2000.0,https://i.ytimg.com/vi_webp/wsHbHR3Os6U/maxresdefault.webp
Rc7cK0jjpL8,https://www.youtube.com/watch?v=Rc7cK0jjpL8,One Love,Blue,One Love,207,2002.0,https://i.ytimg.com/vi_webp/Rc7cK0jjpL8/maxresdefault.webp
RnkShwdXfyc,https://www.youtube.com/watch?v=RnkShwdXfyc,Love The Way You Lie,"Eminem, Rihanna",Recovery,263,2010.0,https://i.ytimg.com/vi_webp/RnkShwdXfyc/maxresdefault.webp
5wwjt0iOOSA,https://www.youtube.com/watch?v=5wwjt0iOOSA,Light It Up (feat. Nyla & Fuse ODG) (Remix),Major Lazer,Peace Is The Mission (Extended),166,2015.0,https://i.ytimg.com/vi_webp/5wwjt0iOOSA/maxresdefault.webp
yJt2toIQDBM,https://www.youtube.com/watch?v=yJt2toIQDBM,Akhiyaan (Acoustic),Mitraz,Akhiyaan (Acoustic),162,2023.0,https://i.ytimg.com/vi_webp/yJt2toIQDBM/maxresdefault.webp
uXUMPqla3bo,https://www.youtube.com/watch?v=uXUMPqla3bo,Zakir,"Naalayak, Sahil Samuel",Zakir,222,2021.0,https://i.ytimg.com/vi_webp/uXUMPqla3bo/maxresdefault.webp
m_UPqEuPPY0,https://www.youtube.com/watch?v=m_UPqEuPPY0,Cool Kids,Echosmith,Talking Dreams,238,2013.0,https://i.ytimg.com/vi_webp/m_UPqEuPPY0/maxresdefault.webp
bFp0sX1lswk,https://www.youtube.com/watch?v=bFp0sX1lswk,Sage,Ritviz,Ved,230,2019.0,https://i.ytimg.com/vi_webp/bFp0sX1lswk/maxresdefault.webp
uGi-q0irHlE,https://www.youtube.com/watch?v=uGi-q0irHlE,Break Your Heart,"Taio Cruz, Ludacris",Rokstarr,185,2010.0,https://i.ytimg.com/vi_webp/uGi-q0irHlE/maxresdefault.webp
MnYR0fAoH_A,https://www.youtube.com/watch?v=MnYR0fAoH_A,Feelings,"Lauv, Michael Pollack, Ari Leff, Jonathan Simpson, Andrea Rosario",~how i'm feeling~,190,2019.0,https://i.ytimg.com/vi_webp/MnYR0fAoH_A/maxresdefault.webp
N69ZEImqQ60,https://www.youtube.com/watch?v=N69ZEImqQ60,"Humraah (From ""Malang - Unleash The Madness"")","Sachet Tandon, The Fusion Project, Kunaal Vermaa, Mohit Suri, Aditya Roy Kapur, Disha Patani, Anil Kapoor, Kunal Kemmu","Humraah (From ""Malang - Unleash The Madness"")",300,2020.0,https://i.ytimg.com/vi_webp/N69ZEImqQ60/maxresdefault.webp
viTjSjdetU0,https://www.youtube.com/watch?v=viTjSjdetU0,Moves Like Jagger,Maroon 5,"Just Dance Video Game Hits, Vol. 1",202,2016.0,https://i.ytimg.com/vi_webp/viTjSjdetU0/maxresdefault.webp
W5-4EAbWXQU,https://www.youtube.com/watch?v=W5-4EAbWXQU,Come With Me,"Surfaces, salem ilese",Pacifico,210,2021.0,https://i.ytimg.com/vi_webp/W5-4EAbWXQU/maxresdefault.webp
KLBtgOzNAgI,https://www.youtube.com/watch?v=KLBtgOzNAgI,Lover,Diljit Dosanjh,MoonChild Era,190,2021.0,https://i.ytimg.com/vi_webp/KLBtgOzNAgI/maxresdefault.webp
-MxTcyDfKBc,https://www.youtube.com/watch?v=-MxTcyDfKBc,Airplanes (feat. Hayley Williams of Paramore),"B.o.B, Hayley Williams of Paramore",B.o.B Presents: The Adventures of Bobby Ray,180,2010.0,https://i.ytimg.com/vi_webp/-MxTcyDfKBc/maxresdefault.webp
SiRJw4f_ufc,https://www.youtube.com/watch?v=SiRJw4f_ufc,Stereo Hearts (feat. Adam Levine),"Gym Class Heroes, Adam Levine",The Papercut Chronicles II,211,2011.0,https://i.ytimg.com/vi_webp/SiRJw4f_ufc/maxresdefault.webp
DxC-PpNdwxo,https://www.youtube.com/watch?v=DxC-PpNdwxo,Where Have You Been,Rihanna,Talk That Talk,243,2011.0,https://i.ytimg.com/vi_webp/DxC-PpNdwxo/maxresdefault.webp
vL14wk2cj6U,https://www.youtube.com/watch?v=vL14wk2cj6U,"Ik Vaari Aa (From ""Raabta"")","Arijit Singh, Pritam, Amitabh Bhattacharya","Ik Vaari Aa (From ""Raabta"")",275,2017.0,https://i.ytimg.com/vi_webp/vL14wk2cj6U/maxresdefault.webp
63yx-xuPry8,https://www.youtube.com/watch?v=63yx-xuPry8,"Vekh Sohneyaa (From ""Call Me Bae"")","Bombay The Artist, Charan",Vekh Sohneyaa,216,2024.0,https://i.ytimg.com/vi_webp/63yx-xuPry8/maxresdefault.webp
NhO5-OUecvY,https://www.youtube.com/watch?v=NhO5-OUecvY,Stargazing,The Neighbourhood,Chip Chrome & The Mono-Tones (Deluxe),217,2020.0,https://i.ytimg.com/vi_webp/NhO5-OUecvY/maxresdefault.webp
6DIuKEWWEg8,https://www.youtube.com/watch?v=6DIuKEWWEg8,Hosanna,"A.R. Rahman, Leon D'souza, Suzanne D'Mello",Ekk Deewana Tha (Original Motion Picture Soundtrack),331,2011.0,https://i.ytimg.com/vi_webp/6DIuKEWWEg8/maxresdefault.webp
0jyeL0fmHRU,https://www.youtube.com/watch?v=0jyeL0fmHRU,Baaraat,Ritviz & Nucleya,Baaraat,222,2021.0,https://i.ytimg.com/vi_webp/0jyeL0fmHRU/maxresdefault.webp
d57qSDCxVA4,https://www.youtube.com/watch?v=d57qSDCxVA4,What Makes You Beautiful,One Direction,Up All Night,200,2011.0,https://i.ytimg.com/vi_webp/d57qSDCxVA4/maxresdefault.webp
9SmSkIDHURQ,https://www.youtube.com/watch?v=9SmSkIDHURQ,Afterlife,Hailee Steinfeld,Afterlife (Dickinson),209,2019.0,https://i.ytimg.com/vi_webp/9SmSkIDHURQ/maxresdefault.webp
qnQCd_nZn_g,https://www.youtube.com/watch?v=qnQCd_nZn_g,O Maahi,"Arijit Singh, Pritam, Irshad Kamil",Dunki,233,2023.0,https://i.ytimg.com/vi_webp/qnQCd_nZn_g/maxresdefault.webp
KWLGyeg74es,https://www.youtube.com/watch?v=KWLGyeg74es,Fireflies,Owl City,Ocean Eyes,228,2009.0,https://i.ytimg.com/vi_webp/KWLGyeg74es/maxresdefault.webp
smKgVuSB18k,https://www.youtube.com/watch?v=smKgVuSB18k,Payphone,"Maroon 5, Wiz Khalifa",Overexposed,231,2012.0,https://i.ytimg.com/vi_webp/smKgVuSB18k/maxresdefault.webp
sJ2cDsopCV4,https://www.youtube.com/watch?v=sJ2cDsopCV4,Nadiyon Sa,Mitraz,Nadiyon Sa,160,2023.0,https://i.ytimg.com/vi_webp/sJ2cDsopCV4/maxresdefault.webp
iKs0WgXjTKI,https://www.youtube.com/watch?v=iKs0WgXjTKI,Gal Mitthi Mitthi,"Amit Trivedi, Tochi Raina",Aisha (Original Motion Picture Soundtrack),256,2010.0,https://i.ytimg.com/vi_webp/iKs0WgXjTKI/maxresdefault.webp
VEYh-CY7jbE,https://www.youtube.com/watch?v=VEYh-CY7jbE,City of Love,"4AM, SoundPatrol, Pardion, Trove",City of Love (feat. Trove),220,2017.0,https://i.ytimg.com/vi_webp/VEYh-CY7jbE/maxresdefault.webp
ewGqIPsA0ig,https://www.youtube.com/watch?v=ewGqIPsA0ig,Get Your Wish,Porter Robinson,Nurture,219,2021.0,https://i.ytimg.com/vi_webp/ewGqIPsA0ig/maxresdefault.webp
Na47bFHJaHQ,https://www.youtube.com/watch?v=Na47bFHJaHQ,Be There,Krewella,,200,,https://i.ytimg.com/vi_webp/Na47bFHJaHQ/maxresdefault.webp
2CgESv5CYUw,https://www.youtube.com/watch?v=2CgESv5CYUw,Lonely,Akon,Trouble,236,2004.0,https://i.ytimg.com/vi_webp/2CgESv5CYUw/maxresdefault.webp
63Lz4gZ6Jkw,https://www.youtube.com/watch?v=63Lz4gZ6Jkw,MAAHI VE,"A.R. RAHMAN, IRSHAD KAMIL",HIGHWAY,241,2014.0,https://i.ytimg.com/vi_webp/63Lz4gZ6Jkw/maxresdefault.webp
9TwPZYt33tI,https://www.youtube.com/watch?v=9TwPZYt33tI,Kho Gaye Hum Kahan,"Jasleen Royal, Prateek Kuhad",Baar Baar Dekho,213,2016.0,https://i.ytimg.com/vi_webp/9TwPZYt33tI/maxresdefault.webp
0c65c2rDAo0,https://www.youtube.com/watch?v=0c65c2rDAo0,Magic | Coke Studio Bharat,"Diljit Dosanjh, thiarajxtt",Magic | Coke Studio Bharat,234,2024.0,https://i.ytimg.com/vi_webp/0c65c2rDAo0/maxresdefault.webp
wScs3JNn8Lg,https://www.youtube.com/watch?v=wScs3JNn8Lg,With You,"AP Dhillon, Shinda Kahlon",With You,155,2023.0,https://i.ytimg.com/vi_webp/wScs3JNn8Lg/maxresdefault.webp
0l8qP_JvNOk,https://www.youtube.com/watch?v=0l8qP_JvNOk,Dil Mere,"The Local Train, Paras Thakur, Ramit Mehra, Sahil Sarin, Raman Negi",Aalas Ka Pedh,211,2015.0,https://i.ytimg.com/vi_webp/0l8qP_JvNOk/maxresdefault.webp
KWuyx6yZ21U,https://www.youtube.com/watch?v=KWuyx6yZ21U,A Sky Full of Stars,Coldplay,Ghost Stories,268,2014.0,https://i.ytimg.com/vi_webp/KWuyx6yZ21U/maxresdefault.webp
UM4n3jTu6Q4,https://www.youtube.com/watch?v=UM4n3jTu6Q4,Rich Love,"OneRepublic, Seeb",Rich Love,201,2017.0,https://i.ytimg.com/vi_webp/UM4n3jTu6Q4/maxresdefault.webp
VcDYyicQtgU,https://www.youtube.com/watch?v=VcDYyicQtgU,Tera Woh Pyar (Nawazishein Karam),Momina Mustehsan & Asim Azhar,Coke Studio Season 9: Sound of the Nation,425,2016.0,https://i.ytimg.com/vi_webp/VcDYyicQtgU/maxresdefault.webp
yqsJsO8H-oA,https://www.youtube.com/watch?v=yqsJsO8H-oA,DJ Got Us Fallin' In Love,"Usher, Pitbull",Raymond v Raymond (Expanded Edition),221,2010.0,https://i.ytimg.com/vi_webp/yqsJsO8H-oA/maxresdefault.webp
59nAgJZ5IoE,https://www.youtube.com/watch?v=59nAgJZ5IoE,Mirrors,Justin Timberlake,The 20/20 Experience (Deluxe Version),484,2013.0,https://i.ytimg.com/vi_webp/59nAgJZ5IoE/maxresdefault.webp
3Jxxmck87nk,https://www.youtube.com/watch?v=3Jxxmck87nk,Man Down,The Eden Project,Bipolar Paradise,315,2018.0,https://i.ytimg.com/vi_webp/3Jxxmck87nk/maxresdefault.webp
4VwtfInG-LU,https://www.youtube.com/watch?v=4VwtfInG-LU,Heeriye (feat. Arijit Singh),"Jasleen Royal, Arijit Singh, Dulquer Salmaan",Heeriye (feat. Arijit Singh),195,2023.0,https://i.ytimg.com/vi_webp/4VwtfInG-LU/maxresdefault.webp
3jDQKquMXP4,https://www.youtube.com/watch?v=3jDQKquMXP4,Udd Gaye,Ritviz,Ved,180,2019.0,https://i.ytimg.com/vi_webp/3jDQKquMXP4/maxresdefault.webp
UJdnZiC2rd8,https://www.youtube.com/watch?v=UJdnZiC2rd8,wheels up,"San Holo, Weezer",bb u ok?,197,2021.0,https://i.ytimg.com/vi_webp/UJdnZiC2rd8/maxresdefault.webp
ZFz8wkbcmAw,https://www.youtube.com/watch?v=ZFz8wkbcmAw,Sajda Karaan,Mitraz,Sajda Karaan,220,2023.0,https://i.ytimg.com/vi_webp/ZFz8wkbcmAw/maxresdefault.webp
qvkL1Oesxy8,https://www.youtube.com/watch?v=qvkL1Oesxy8,Call on Me,Starley,Call on Me,162,2016.0,https://i.ytimg.com/vi_webp/qvkL1Oesxy8/maxresdefault.webp
h1ySgeTcz1o,https://www.youtube.com/watch?v=h1ySgeTcz1o,In Time,Koste,In Time,205,2020.0,https://i.ytimg.com/vi_webp/h1ySgeTcz1o/maxresdefault.webp
91Niv2q4gvc,https://www.youtube.com/watch?v=91Niv2q4gvc,... Baby One More Time,Britney Spears,... Baby One More Time (Digital Deluxe Version),211,1998.0,https://i.ytimg.com/vi_webp/91Niv2q4gvc/maxresdefault.webp
i1IDh_ZoJgI,https://www.youtube.com/watch?v=i1IDh_ZoJgI,Alag Aasmaan,Anuv Jain,Alag Aasmaan,213,2020.0,https://i.ytimg.com/vi_webp/i1IDh_ZoJgI/maxresdefault.webp
o637Bgtobis,https://www.youtube.com/watch?v=o637Bgtobis,That’s Why,"ILLENIUM, GOLDN",ASCEND,253,2019.0,https://i.ytimg.com/vi_webp/o637Bgtobis/maxresdefault.webp
5V-SLKk9jB4,https://www.youtube.com/watch?v=5V-SLKk9jB4,Questions,"Lost Frequencies, James Arthur",Questions,177,2022.0,https://i.ytimg.com/vi_webp/5V-SLKk9jB4/maxresdefault.webp
6eW99oNNRvI,https://www.youtube.com/watch?v=6eW99oNNRvI,"Love Me Like You Do (From ""Fifty Shades Of Grey"")",Ellie Goulding,Delirium,253,2015.0,https://i.ytimg.com/vi_webp/6eW99oNNRvI/maxresdefault.webp
W-tih4iydMc,https://www.youtube.com/watch?v=W-tih4iydMc,Aziyat,"Pratsofficial, Pratyush Dhiman, Pratyush Dhiman, Pratyush Dhiman",Aziyat,222,2020.0,https://i.ytimg.com/vi_webp/W-tih4iydMc/maxresdefault.webp
BGn2oo-0Dqc,https://www.youtube.com/watch?v=BGn2oo-0Dqc,On Melancholy Hill,Gorillaz,The Singles Collection 2001-2011,209,2010.0,https://i.ytimg.com/vi_webp/BGn2oo-0Dqc/maxresdefault.webp
G8a0t9hxyaI,https://www.youtube.com/watch?v=G8a0t9hxyaI,Afterglow,Ed Sheeran,Afterglow,185,2020.0,https://i.ytimg.com/vi_webp/G8a0t9hxyaI/maxresdefault.webp
ZpzEJAwiTUE,https://www.youtube.com/watch?v=ZpzEJAwiTUE,Nit Nit,Jasleen Royal,Nit Nit,246,2020.0,https://i.ytimg.com/vi_webp/ZpzEJAwiTUE/maxresdefault.webp
4ujBQOzs6Lw,https://www.youtube.com/watch?v=4ujBQOzs6Lw,Rolling in the Deep,Adele,Rolling in the Deep,228,2010.0,https://i.ytimg.com/vi_webp/4ujBQOzs6Lw/maxresdefault.webp
I8IGukb5qao,https://www.youtube.com/watch?v=I8IGukb5qao,Kyon,"Pritam, Papon, Sunidhi Chauhan",Barfi! (Original Motion Picture Soundtrack),266,2012.0,https://i.ytimg.com/vi_webp/I8IGukb5qao/maxresdefault.webp
bqpp872d9QU,https://www.youtube.com/watch?v=bqpp872d9QU,Thinking About You,"Calvin Harris, Ayah Marar",18 Months,248,2012.0,https://i.ytimg.com/vi_webp/bqpp872d9QU/maxresdefault.webp
wGUKBXpfU1o,https://www.youtube.com/watch?v=wGUKBXpfU1o,Just the Way You Are,Bruno Mars,Doo-Wops & Hooligans,221,2010.0,https://i.ytimg.com/vi_webp/wGUKBXpfU1o/maxresdefault.webp
LwkrXybZ1uo,https://www.youtube.com/watch?v=LwkrXybZ1uo,I Want It That Way,Backstreet Boys,Millennium,213,1998.0,https://i.ytimg.com/vi_webp/LwkrXybZ1uo/maxresdefault.webp
qVbG2S3Av_w,https://www.youtube.com/watch?v=qVbG2S3Av_w,Saajna,Mitraz,Saajna,177,2023.0,https://i.ytimg.com/vi_webp/qVbG2S3Av_w/maxresdefault.webp
DekARGq0pI4,https://www.youtube.com/watch?v=DekARGq0pI4,Light Falls,EMBRZ,Together Till It Ends,199,2021.0,https://i.ytimg.com/vi_webp/DekARGq0pI4/maxresdefault.webp
n6N1_sxlBU8,https://www.youtube.com/watch?v=n6N1_sxlBU8,We Found Love,"Rihanna, Calvin Harris",Talk That Talk,215,2011.0,https://i.ytimg.com/vi_webp/n6N1_sxlBU8/maxresdefault.webp
d_3voqjDxAg,https://www.youtube.com/watch?v=d_3voqjDxAg,One More Night,Maroon 5,Overexposed,219,2012.0,https://i.ytimg.com/vi_webp/d_3voqjDxAg/maxresdefault.webp
0oOMI91V2rE,https://www.youtube.com/watch?v=0oOMI91V2rE,Tum Mile (Lofi Flip),"Javed Ali, Jay Kava",Tum Mile,186,2022.0,https://i.ytimg.com/vi_webp/0oOMI91V2rE/maxresdefault.webp
iXFTYhpDmB0,https://www.youtube.com/watch?v=iXFTYhpDmB0,Lamberghini,The Doorbeen Ft.Ragini,Lamberghini,217,2018.0,https://i.ytimg.com/vi_webp/iXFTYhpDmB0/maxresdefault.webp
1MEnPxEPuSg,https://www.youtube.com/watch?v=1MEnPxEPuSg,Tara,Deepak Rathore Project,Tara,272,2021.0,https://i.ytimg.com/vi_webp/1MEnPxEPuSg/maxresdefault.webp
vO5EytWUhas,https://www.youtube.com/watch?v=vO5EytWUhas,Hurt People,"Gryffin, Aloe Blacc",Gravity,226,2019.0,https://i.ytimg.com/vi_webp/vO5EytWUhas/maxresdefault.webp
Xx7Efy2WhuA,https://www.youtube.com/watch?v=Xx7Efy2WhuA,Words,"Alesso, Zara Larsson",Words,143,2022.0,https://i.ytimg.com/vi_webp/Xx7Efy2WhuA/maxresdefault.webp
S8gYErP4ZDQ,https://www.youtube.com/watch?v=S8gYErP4ZDQ,Bloom,Troye Sivan,Bloom,222,2018.0,https://i.ytimg.com/vi_webp/S8gYErP4ZDQ/maxresdefault.webp
ibxa_uLEncg,https://www.youtube.com/watch?v=ibxa_uLEncg,Kabhi Na Kabhi,Mitraz,Kabhi Na Kabhi,191,2021.0,https://i.ytimg.com/vi_webp/ibxa_uLEncg/maxresdefault.webp
_9FyH8PmRSU,https://www.youtube.com/watch?v=_9FyH8PmRSU,Maan Meri Jaan,King,Champagne Talk,195,2022.0,https://i.ytimg.com/vi_webp/_9FyH8PmRSU/maxresdefault.webp
4g0QivOeup0,https://www.youtube.com/watch?v=4g0QivOeup0,Khaabon Ke Parinday,Alyssa Mendonca | Mohit Chauhan,Zindagi Na Milegi Dobara,252,2011.0,https://i.ytimg.com/vi_webp/4g0QivOeup0/maxresdefault.webp
ZCRL8V0ZkEA,https://www.youtube.com/watch?v=ZCRL8V0ZkEA,Ishq Bulaava,"Vishal & Shekhar, Sanam Puri, Shipra Goyal",Hasee Toh Phasee (Original Motion Picture Soundtrack),304,2013.0,https://i.ytimg.com/vi_webp/ZCRL8V0ZkEA/maxresdefault.webp
7xzZhyURjdI,https://www.youtube.com/watch?v=7xzZhyURjdI,Sleepless,"AP Dhillon, Amritpal Singh Dhillon, Satinderpal Singh",Sleepless,156,2023.0,https://i.ytimg.com/vi_webp/7xzZhyURjdI/maxresdefault.webp
JCd4KENZyj4,https://www.youtube.com/watch?v=JCd4KENZyj4,Lost,Illenium,Awake,200,2017.0,https://i.ytimg.com/vi_webp/JCd4KENZyj4/maxresdefault.webp
STvBbVtELiA,https://www.youtube.com/watch?v=STvBbVtELiA,Muskurahat,Mitraz,Muskurahat,259,2022.0,https://i.ytimg.com/vi_webp/STvBbVtELiA/maxresdefault.webp
X2grwZdEeN0,https://www.youtube.com/watch?v=X2grwZdEeN0,Rangisari,"Kanishk Seth, Kavita Seth, Kanishk Seth, Kavita Seth, Traditional",Jugjugg Jeeyo,223,2022.0,https://i.ytimg.com/vi_webp/X2grwZdEeN0/maxresdefault.webp
LwEJMxJf4-c,https://www.youtube.com/watch?v=LwEJMxJf4-c,Tum Hi Rangili Tum Hi Nashili Full Songs (Bollywood Holi 3) - Khelenge Holi Fevicol Se,T-Series Regional,,313,,https://i.ytimg.com/vi_webp/LwEJMxJf4-c/maxresdefault.webp
8p8ZIE3riEU,https://www.youtube.com/watch?v=8p8ZIE3riEU,Gud Naal | Ek Ladki Ko Dekha Toh Aisa Laga | Anil Kapoor | Sonam | Rajkummar |Juhi| Navraj|Harshdeep,Saregama Music,,145,,https://i.ytimg.com/vi_webp/8p8ZIE3riEU/maxresdefault.webp
0I2ANzEtaa0,https://www.youtube.com/watch?v=0I2ANzEtaa0,Beggin (original Version),"Madcon, Bob Gaudio, Peggy Farina",So Dark The Con Of Man,216,2007.0,https://i.ytimg.com/vi_webp/0I2ANzEtaa0/maxresdefault.webp
_XttzFVveo4,https://www.youtube.com/watch?v=_XttzFVveo4,Khwahish,"Mitraz, Arooh",Khwahish,145,2022.0,https://i.ytimg.com/vi_webp/_XttzFVveo4/maxresdefault.webp
6Y24X4oTQLA,https://www.youtube.com/watch?v=6Y24X4oTQLA,Whistle,Flo Rida,Whistle,225,2012.0,https://i.ytimg.com/vi_webp/6Y24X4oTQLA/maxresdefault.webp
y19M5sVCTmY,https://www.youtube.com/watch?v=y19M5sVCTmY,Circles,Yoe Mase,Soldier,198,2018.0,https://i.ytimg.com/vi_webp/y19M5sVCTmY/maxresdefault.webp
pnJriqNxpcc,https://www.youtube.com/watch?v=pnJriqNxpcc,SUBHANALLAH,"SREERAM, SHILPA RAO, PRITAM, AMITABH BHATTACHARYA",YEH JAWAANI HAI DEEWANI,250,2013.0,https://i.ytimg.com/vi_webp/pnJriqNxpcc/maxresdefault.webp
zubWCGv4-Hs,https://www.youtube.com/watch?v=zubWCGv4-Hs,"Maahi Ve (From ""Kal Ho Naa Ho"")","Shankar Ehsaan Loy, Sadhana Sargam, Sujata Bhattacharya, Udit Narayan, Sonu Nigam",Sonu Nigam: Best of Me,367,2003.0,https://i.ytimg.com/vi_webp/zubWCGv4-Hs/maxresdefault.webp
lOQ67YQ56yE,https://www.youtube.com/watch?v=lOQ67YQ56yE,"EDEN - love, death, distraction (official video)",EDEN,,304,,https://i.ytimg.com/vi_webp/lOQ67YQ56yE/maxresdefault.webp
Qmt5nPS5btE,https://www.youtube.com/watch?v=Qmt5nPS5btE,Tera Nishaan,"Pina Colada Blues, Anumita Nadesan",Tera Nishaan,167,2022.0,https://i.ytimg.com/vi_webp/Qmt5nPS5btE/maxresdefault.webp
7bhbshEWzWM,https://www.youtube.com/watch?v=7bhbshEWzWM,all day,KAYDEN,all day,194,2019.0,https://i.ytimg.com/vi_webp/7bhbshEWzWM/maxresdefault.webp
KptF_0yWr_Q,https://www.youtube.com/watch?v=KptF_0yWr_Q,SAWARE,"ARIJIT SINGH, PRITAM, AMITABH BHATTACHARYA",PHANTOM,322,2015.0,https://i.ytimg.com/vi_webp/KptF_0yWr_Q/maxresdefault.webp
N0ngg3KnFVs,https://www.youtube.com/watch?v=N0ngg3KnFVs,Aabaad Barbaad,"Arijit Singh, Pritam, Sandeep Shrivastava",Ludo,309,2020.0,https://i.ytimg.com/vi_webp/N0ngg3KnFVs/maxresdefault.webp
OFwtJ-6a0V4,https://www.youtube.com/watch?v=OFwtJ-6a0V4,Tu Jaana Na Piya,King,NEW LIFE,226,2023.0,https://i.ytimg.com/vi_webp/OFwtJ-6a0V4/maxresdefault.webp
Qt2wJ-vvwMU,https://www.youtube.com/watch?v=Qt2wJ-vvwMU,Falling Back,"MYRNE, Shallou",Falling Back,261,2022.0,https://i.ytimg.com/vi_webp/Qt2wJ-vvwMU/maxresdefault.webp
wTR_tymnbac,https://www.youtube.com/watch?v=wTR_tymnbac,Locked Away,"R. City, Adam Levine",What Dreams Are Made Of,227,2015.0,https://i.ytimg.com/vi_webp/wTR_tymnbac/maxresdefault.webp
Qwm6BSGrOq0,https://www.youtube.com/watch?v=Qwm6BSGrOq0,Abdul Hannan & Rovalio - Iraaday (Official Music Video),Abdul Hannan,,133,,https://i.ytimg.com/vi_webp/Qwm6BSGrOq0/maxresdefault.webp
rbCGmC1J1x8,https://www.youtube.com/watch?v=rbCGmC1J1x8,Jashan-E-Bahara [Slowed+Reverb]-Javed Ali,CDA Records,,325,,https://i.ytimg.com/vi_webp/rbCGmC1J1x8/maxresdefault.webp
LE7ghj99R7o,https://www.youtube.com/watch?v=LE7ghj99R7o,Mashup 2,Mitraz,Mashup 2,189,2021.0,https://i.ytimg.com/vi_webp/LE7ghj99R7o/maxresdefault.webp
-rObfAcJlpg,https://www.youtube.com/watch?v=-rObfAcJlpg,Mann,The Yellow Diary,Mann,191,2023.0,https://i.ytimg.com/vi_webp/-rObfAcJlpg/maxresdefault.webp
Ys6iPqfvmI0,https://www.youtube.com/watch?v=Ys6iPqfvmI0,Sajni,"Arijit Singh, Ram Sampath, Prashant Pandey",Laapataa Ladies,170,2024.0,https://i.ytimg.com/vi_webp/Ys6iPqfvmI0/maxresdefault.webp
rvHhW65JUSw,https://www.youtube.com/watch?v=rvHhW65JUSw,Breathless,Shayne Ward,Breathless,227,2007.0,https://i.ytimg.com/vi_webp/rvHhW65JUSw/maxresdefault.webp
I203G1sMGDg,https://www.youtube.com/watch?v=I203G1sMGDg,Bad Liar,Imagine Dragons,Origins,261,2018.0,https://i.ytimg.com/vi_webp/I203G1sMGDg/maxresdefault.webp
u5uSlUKBEDc,https://www.youtube.com/watch?v=u5uSlUKBEDc,TiK ToK,Ke$ha,TiK-Tok - Remixes,200,2009.0,https://i.ytimg.com/vi_webp/u5uSlUKBEDc/maxresdefault.webp
0agu9X1cPVY,https://www.youtube.com/watch?v=0agu9X1cPVY,She Doesn't Mind,Sean Paul,Dutty Classics Collection,230,2011.0,https://i.ytimg.com/vi_webp/0agu9X1cPVY/maxresdefault.webp
HNrh1pfwk6M,https://www.youtube.com/watch?v=HNrh1pfwk6M,Lady by the Sea,Stephen Sanchez,Lady by the Sea,183,2020.0,https://i.ytimg.com/vi_webp/HNrh1pfwk6M/maxresdefault.webp
45zJNqiANA4,https://www.youtube.com/watch?v=45zJNqiANA4,Wo Noor,AP Dhillon,Two Hearts Never Break The Same,199,2022.0,https://i.ytimg.com/vi_webp/45zJNqiANA4/maxresdefault.webp
lLM6pPrrAvQ,https://www.youtube.com/watch?v=lLM6pPrrAvQ,Akhiyaan Gulaab,"Mitraz, Mitraz, Mitraz",Teri Baaton Mein Aisa Uljha Jiya,171,2024.0,https://i.ytimg.com/vi_webp/lLM6pPrrAvQ/maxresdefault.webp
MMzGQzWxS_Q,https://www.youtube.com/watch?v=MMzGQzWxS_Q,Khoya,"Zariya, Aseem, Aseem, Donal Whelan",Khoya,178,2020.0,https://i.ytimg.com/vi_webp/MMzGQzWxS_Q/maxresdefault.webp
TN5Ye9pQhlM,https://www.youtube.com/watch?v=TN5Ye9pQhlM,Drag Me Down,One Direction,Made In The A.M.,192,2015.0,https://i.ytimg.com/vi_webp/TN5Ye9pQhlM/maxresdefault.webp
tUUoS_j3wWw,https://www.youtube.com/watch?v=tUUoS_j3wWw,Starving,"Hailee Steinfeld, Grey, Zedd",Starving,182,2015.0,https://i.ytimg.com/vi_webp/tUUoS_j3wWw/maxresdefault.webp
4FqGpT3yhUI,https://www.youtube.com/watch?v=4FqGpT3yhUI,Replay,Iyaz,Replay,182,2009.0,https://i.ytimg.com/vi_webp/4FqGpT3yhUI/maxresdefault.webp
LxbM5tiPzyI,https://www.youtube.com/watch?v=LxbM5tiPzyI,Tu Hi Das De,"Simar Panag, Mickey Singh",Tu Hi Das De,173,2019.0,https://i.ytimg.com/vi_webp/LxbM5tiPzyI/maxresdefault.webp
ueWWNDG13Ts,https://www.youtube.com/watch?v=ueWWNDG13Ts,Just A Dream,Nelly,5.0,238,2010.0,https://i.ytimg.com/vi_webp/ueWWNDG13Ts/maxresdefault.webp
1Gb6MIuWpW8,https://www.youtube.com/watch?v=1Gb6MIuWpW8,Red Lights,Tiësto,A Town Called Paradise,262,2014.0,https://i.ytimg.com/vi_webp/1Gb6MIuWpW8/maxresdefault.webp
KKbjgYD3wbQ,https://www.youtube.com/watch?v=KKbjgYD3wbQ,Meethi Boliyaan,"Amit Trivedi, Mili Nair",Kai Po Che (Original Motion Picture Soundtrack),291,2013.0,https://i.ytimg.com/vi_webp/KKbjgYD3wbQ/maxresdefault.webp
